OrderID,FinalProductPN,Quantity,Deadline,Type,SplitDelivery,SplitPeriod,Revenue,CustomerPriority
0,6298-1200-4404,119.0,1,S,1,0,1,1
1,6045-1904-6300,1.0,1,S,1,0,1,1
2,6649-1300-2410,5.0,1,S,1,0,1,1
3,6782-1401-0103,72.0,1,S,1,0,1,1
5,6298-1400-7005,248.0,1,S,1,0,1,1
6,6298-1300-3904,584.0,1,S,1,0,1,1
7,6782-1902-7107,54.0,1,S,1,0,1,1
8,6782-1902-7207,159.0,1,S,1,0,1,1
9,6880-1900-0105,75.0,1,S,1,0,1,1
10,6782-1902-7207,306.0,2,S,1,0,1,1
11,6298-1200-4404,120.0,2,S,1,0,1,1
12,6966-1700-0006,180.0,2,S,1,0,1,1
13,6932-1701-7400,100.0,2,S,1,0,1,1
14,6661-1100-2509,30.0,2,S,1,0,1,1
15,6782-1401-0103,384.0,2,S,1,0,1,1
16,6782-1401-0002,179.0,2,S,1,0,1,1
17,6799-1300-0025,192.0,2,S,1,0,1,1
18,6880-1900-0203,20.0,2,S,1,0,1,1
20,6410-1800-1502,200.0,3,S,1,0,1,1
21,6782-1401-0002,1000.0,3,S,1,0,1,1
22,6782-1401-0103,1000.0,3,S,1,0,1,1
24,6782-1902-7207,1000.0,3,S,1,0,1,1
25,6774-1200-6301,20.0,3,S,1,0,1,1
27,6410-1100-2006,60.0,3,S,1,0,1,1
28,6932-1902-8802,310.0,3,S,1,0,1,1
29,6774-1301-0500,50.0,3,S,1,0,1,1
30,6808-1800-3102,200.0,3,S,1,0,1,1
31,6649-1800-3701,148.0,3,S,1,0,1,1
32,6047-1800-0003,111.0,3,S,1,0,1,1
33,6774-1300-0301,100.0,3,S,1,0,1,1
34,6050-1700-0303,30.0,3,S,1,0,1,1
35,6298-1200-4404,80.0,3,S,1,0,1,1
36,6774-1200-0006,100.0,3,S,1,0,1,1
37,6023-1702-2904,500.0,3,S,1,0,1,1
38,6736-1400-1814,200.0,3,S,1,0,1,1
39,6736-1601-6909,136.0,3,S,1,0,1,1
40,6736-1900-0304,96.0,3,S,1,0,1,1
41,6410-1502-3303,11.0,3,S,1,0,1,1
42,6410-1100-2006,60.0,3,S,1,0,1,1
43,6337-1000-0012,1069.0,3,S,1,0,1,1
44,6410-1100-1905,30.0,3,S,1,0,1,1
45,6050-1700-0008,674.0,3,S,1,0,1,1
46,6045-2000-3901,103.0,4,S,1,0,1,1
47,6602-0800-0005,5019.0,4,S,1,0,1,1
48,6298-1700-5902,600.0,4,S,1,0,1,1
49,6782-1401-0002,96.0,5,S,1,0,1,1
50,6298-1200-2808,57.0,5,S,1,0,1,1
51,6782-1902-7207,96.0,5,S,1,0,1,1
53,6782-1401-0103,96.0,5,S,1,0,1,1
54,6298-1700-5902,240.0,6,S,1,0,1,1
55,6318-1700-2607,384.0,6,S,1,0,1,1
56,6318-1500-4006,293.0,6,S,1,0,1,1
57,6649-1800-3701,144.0,7,S,1,0,1,1
58,6736-1506-8708,240.0,7,S,1,0,1,1
59,6298-1200-2808,300.0,7,S,1,0,1,1
60,6932-1904-4900,100.0,7,S,1,0,1,1
61,6736-1400-1814,200.0,7,S,1,0,1,1
62,6410-1100-1905,60.0,8,S,1,0,1,1
63,6782-1902-7207,300.0,8,S,1,0,1,1
64,6298-1700-5902,480.0,8,S,1,0,1,1
66,6410-1100-2006,80.0,8,S,1,0,1,1
67,6774-1300-8704,50.0,8,S,1,0,1,1
68,6782-1401-0103,300.0,8,S,1,0,1,1
69,6410-1900-1603,40.0,8,S,1,0,1,1
70,6932-1902-9203,100.0,8,S,1,0,1,1
71,6782-1401-0002,300.0,8,S,1,0,1,1
72,6410-1600-1005,40.0,8,S,1,0,1,1
73,6649-1200-5207,6.0,8,S,1,0,1,1
74,6410-1600-1100,60.0,8,S,1,0,1,1
75,6337-1400-0622,840.0,8,S,1,0,1,1
76,6410-1800-1502,200.0,8,S,1,0,1,1
77,6649-1200-5207,13.0,8,S,1,0,1,1
78,6808-1800-4902,200.0,8,S,1,0,1,1
80,6337-1300-2501,940.0,8,S,1,0,1,1
81,6649-1200-5306,1.0,8,S,1,0,1,1
82,6934-1802-8104,30.0,9,S,1,0,1,1
83,6649-1800-2802,100.0,9,S,1,0,1,1
84,6649-2000-2803,25.0,9,S,1,0,1,1
85,6774-1200-5105,50.0,9,S,1,0,1,1
87,6808-1800-4902,200.0,10,S,1,0,1,1
88,6782-1902-7207,96.0,10,S,1,0,1,1
89,6782-1401-0002,96.0,10,S,1,0,1,1
90,6782-1401-0103,96.0,10,S,1,0,1,1
92,6808-1800-4902,200.0,10,S,1,0,1,1
93,6808-1800-3102,200.0,11,S,1,0,1,1
94,6649-1800-4503,100.0,11,S,1,0,1,1
95,6602-1300-1003,2204.0,11,S,1,0,1,1
96,6966-1700-0006,154.0,11,S,1,0,1,1
97,6298-1100-0611,986.0,11,S,1,0,1,1
98,6649-1300-2410,10.0,12,S,1,0,1,1
99,6799-1600-7503,30.0,12,S,1,0,1,1
100,6649-1700-4604,146.0,12,S,1,0,1,1
101,6932-1701-7400,100.0,12,S,1,0,1,1
102,6649-1300-2410,5.0,12,S,1,0,1,1
103,6015-1800-2403,2.0,12,S,1,0,1,1
104,6337-1600-2217,56.0,12,S,1,0,1,1
105,6649-1700-4604,50.0,12,S,1,0,1,1
106,6410-1602-0904,50.0,13,S,1,0,1,1
107,6410-0900-1301,100.0,13,S,1,0,1,1
108,6649-1800-3701,250.0,13,S,1,0,1,1
109,6649-1200-5207,5.0,13,S,1,0,1,1
110,6808-1800-3102,200.0,13,S,1,0,1,1
111,6761-1200-5703,699.0,13,S,1,0,1,1
112,6649-1800-3401,250.0,13,S,1,0,1,1
113,6047-1800-7903,180.0,13,S,1,0,1,1
114,6661-1101-2203,1213.0,13,S,1,0,1,1
115,6410-1900-1603,40.0,13,S,1,0,1,1
116,6410-1800-1502,200.0,13,S,1,0,1,1
117,6410-1600-2803,50.0,13,S,1,0,1,1
118,6337-1200-8505,571.0,13,S,1,0,1,1
120,6410-1100-1905,60.0,13,S,1,0,1,1
121,6047-1800-0603,405.0,13,S,1,0,1,1
122,6047-1800-0003,1485.0,13,S,1,0,1,1
123,6808-1501-0104,100.0,13,S,1,0,1,1
124,6736-1400-1907,120.0,13,S,1,0,1,1
125,6736-1601-6909,192.0,13,S,1,0,1,1
126,6047-1800-7903,500.0,13,S,1,0,1,1
127,6142-1100-2008,2000.0,13,S,1,0,1,1
128,6661-1100-2804,881.0,13,S,1,0,1,1
129,6782-1401-0103,128.0,14,S,1,0,1,1
130,6782-1401-0002,192.0,14,S,1,0,1,1
131,6298-1100-0611,1080.0,14,S,1,0,1,1
132,6782-1902-7107,128.0,14,S,1,0,1,1
133,6782-1401-0103,192.0,14,S,1,0,1,1
134,6649-1300-2410,44.0,14,S,1,0,1,1
135,6782-1401-0002,128.0,14,S,1,0,1,1
136,6782-1902-7207,192.0,14,S,1,0,1,1
138,6736-1400-1814,200.0,15,S,1,0,1,1
139,6799-1600-7503,30.0,15,S,1,0,1,1
140,6142-1100-2008,500.0,16,S,1,0,1,1
141,6318-1200-4602,171.0,16,S,1,0,1,1
142,6782-1401-0002,96.0,16,S,1,0,1,1
143,6298-1200-4404,160.0,16,S,1,0,1,1
144,6782-1401-0103,96.0,16,S,1,0,1,1
145,6782-1902-7107,96.0,16,S,1,0,1,1
146,6649-1000-0213,4781.0,17,S,1,0,1,1
147,6736-1900-0304,96.0,17,S,1,0,1,1
148,6649-1800-2802,25.0,17,S,1,0,1,1
149,6736-1601-6909,384.0,17,S,1,0,1,1
150,6649-1800-3801,200.0,17,S,1,0,1,1
151,6736-1503-9317,60.0,17,S,1,0,1,1
152,6808-1800-3102,200.0,17,S,1,0,1,1
153,6649-1800-3401,100.0,17,S,1,0,1,1
154,6298-1200-4404,120.0,17,S,1,0,1,1
155,6649-1800-3701,200.0,17,S,1,0,1,1
156,6649-1200-5207,10.0,17,S,1,0,1,1
158,6808-1501-0104,100.0,18,S,1,0,1,1
159,6602-1300-1003,2880.0,18,S,1,0,1,1
160,6932-1902-7102,500.0,18,S,1,0,1,1
161,6298-1100-0611,1080.0,18,S,1,0,1,1
162,6047-1800-7903,192.0,18,S,1,0,1,1
163,6050-1900-2401,443.0,18,S,1,0,1,1
164,6880-1903-5503,45.0,18,S,1,0,1,1
165,6023-1701-0007,400.0,18,S,1,0,1,1
166,6023-1702-0404,200.0,18,S,1,0,1,1
167,6782-1401-0103,100.0,19,S,1,0,1,1
168,6934-1802-8104,30.0,19,S,1,0,1,1
169,6782-1401-0002,100.0,19,S,1,0,1,1
171,6774-1300-8704,50.0,19,S,1,0,1,1
172,6661-1300-3506,266.0,20,S,1,0,1,1
173,6782-1902-7107,96.0,20,S,1,0,1,1
174,6782-1401-0103,383.0,20,S,1,0,1,1
175,6661-1000-0111,1511.0,20,S,1,0,1,1
176,6661-1300-3404,261.0,20,S,1,0,1,1
177,6782-1401-0002,96.0,20,S,1,0,1,1
178,6661-1000-0311,509.0,20,S,1,0,1,1
179,6782-1902-7107,383.0,20,S,1,0,1,1
180,6782-1401-0103,96.0,20,S,1,0,1,1
181,6661-1501-9701,68.0,20,S,1,0,1,1
182,6661-1502-3417,638.0,20,S,1,0,1,1
184,6661-1502-3417,331.0,20,S,1,0,1,1
185,6782-1401-0002,383.0,20,S,1,0,1,1
186,6808-1501-0104,100.0,21,S,1,0,1,1
187,6808-1800-3102,200.0,21,S,1,0,1,1
188,6047-1800-7903,180.0,21,S,1,0,1,1
189,6966-1700-0006,480.0,21,S,1,0,1,1
190,6142-1100-2008,1500.0,21,S,1,0,1,1
191,6318-1800-2804,599.0,21,S,1,0,1,1
192,6808-1501-0104,200.0,21,S,1,0,1,1
193,6298-1100-0611,1080.0,21,S,1,0,1,1
194,6318-1701-8407,54.0,21,S,1,0,1,1
195,6023-1701-0007,600.0,21,S,1,0,1,1
196,6880-1903-5503,50.0,21,S,1,0,1,1
197,6318-1701-8407,18.0,21,S,1,0,1,1
198,6736-1601-6909,96.0,21,S,1,0,1,1
199,6045-1903-5102,659.0,21,S,1,0,1,1
200,6736-1601-6909,288.0,21,S,1,0,1,1
201,6298-1100-0611,1080.0,21,S,1,0,1,1
202,6337-1600-2217,56.0,21,S,1,0,1,1
203,6337-1600-2217,56.0,21,S,1,0,1,1
204,6799-1600-7503,30.0,22,S,1,0,1,1
205,6410-1100-2006,80.0,22,S,1,0,1,1
206,6808-1800-3102,200.0,22,S,1,0,1,1
207,6649-1800-3701,200.0,22,S,1,0,1,1
208,6649-1000-0109,400.0,22,S,1,0,1,1
209,6649-1800-3401,200.0,22,S,1,0,1,1
210,6410-1600-1100,60.0,22,S,1,0,1,1
211,6932-1902-8202,99.0,22,S,1,0,1,1
213,6649-1300-2410,3.0,22,S,1,0,1,1
214,6932-1902-7501,500.0,22,S,1,0,1,1
215,6782-1902-7207,500.0,23,S,1,0,1,1
216,6774-1301-7900,30.0,23,S,1,0,1,1
217,6782-1401-0103,131.0,23,S,1,0,1,1
218,6782-1902-7107,108.0,23,S,1,0,1,1
219,6782-1401-0103,134.0,23,S,1,0,1,1
220,6782-1401-0103,391.0,23,S,1,0,1,1
221,6782-1902-7107,391.0,23,S,1,0,1,1
222,6782-1902-7107,134.0,23,S,1,0,1,1
223,6782-1902-7107,131.0,23,S,1,0,1,1
224,6880-1903-5503,55.0,23,S,1,0,1,1
225,6782-1401-0103,300.0,23,S,1,0,1,1
227,6782-1401-0002,108.0,23,S,1,0,1,1
228,6774-1400-0701,100.0,23,S,1,0,1,1
229,6782-1401-0002,500.0,23,S,1,0,1,1
230,6782-1401-0002,391.0,23,S,1,0,1,1
231,6782-1401-0002,134.0,23,S,1,0,1,1
232,6782-1401-0002,131.0,23,S,1,0,1,1
233,6050-1900-0003,500.0,23,S,1,0,1,1
234,6774-1200-0006,100.0,23,S,1,0,1,1
235,6782-1401-0103,108.0,23,S,1,0,1,1
236,6782-1902-7207,400.0,25,S,1,0,1,1
239,6782-1401-0103,226.0,25,S,1,0,1,1
240,6782-1401-0103,400.0,25,S,1,0,1,1
241,6782-1401-0002,226.0,25,S,1,0,1,1
242,6782-1401-0002,400.0,25,S,1,0,1,1
243,6298-1200-2808,300.0,25,S,1,0,1,1
244,6318-1701-8407,45.0,26,S,1,0,1,1
245,6298-1100-0611,1080.0,26,S,1,0,1,1
246,6047-1800-0003,810.0,26,S,1,0,1,1
247,6298-1200-2808,300.0,26,S,1,0,1,1
248,6602-1700-1201,5500.0,26,S,1,0,1,1
249,6045-1904-3601,27.0,26,S,1,0,1,1
251,6808-1800-3102,200.0,27,S,1,0,1,1
252,6932-1904-4900,100.0,27,S,1,0,1,1
253,6649-1000-0109,1200.0,27,S,1,0,1,1
255,6602-1700-1303,5048.0,28,S,1,0,1,1
256,6047-1800-0003,810.0,28,S,1,0,1,1
257,6808-1800-4902,200.0,28,S,1,0,1,1
259,6045-2000-3903,22.0,28,S,1,0,1,1
260,6814-2000-0001,300.0,28,S,1,0,1,1
261,6744-1600-1201,497.0,28,S,1,0,1,1
262,6744-1500-5404,500.0,28,S,1,0,1,1
263,6774-1200-5707,50.0,28,S,1,0,1,1
264,6318-1500-4007,42.0,28,S,1,0,1,1
265,6298-1200-2808,300.0,28,S,1,0,1,1
266,6602-0800-0005,5120.0,29,S,1,0,1,1
267,6774-1800-1800,25.0,29,S,1,0,1,1
268,6337-1000-0012,320.0,29,S,1,0,1,1
269,6774-1300-8704,50.0,29,S,1,0,1,1
270,6782-1401-0103,300.0,29,S,1,0,1,1
271,6782-1401-0002,96.0,29,S,1,0,1,1
272,6782-1401-0103,96.0,29,S,1,0,1,1
274,6934-1802-8104,30.0,29,S,1,0,1,1
275,6045-1903-5201,48.0,29,S,1,0,1,1
276,6782-1902-7107,96.0,29,S,1,0,1,1
277,6799-1300-0025,192.0,30,S,1,0,1,1
278,6808-1800-4902,200.0,30,S,1,0,1,1
279,6761-1200-5703,700.0,31,S,1,0,1,1
280,6649-1801-5604,120.0,31,S,1,0,1,1
281,6298-1701-5704,110.0,31,S,1,0,1,1
282,6298-1400-7005,1080.0,31,S,1,0,1,1
283,6744-1500-6603,500.0,31,S,1,0,1,1
284,6744-1500-6603,500.0,31,S,1,0,1,1
285,6649-2000-2404,500.0,32,S,1,0,1,1
287,6808-1800-3102,200.0,32,S,1,0,1,1
290,6808-1501-0104,100.0,32,S,1,0,1,1
292,6649-2000-2404,500.0,32,S,1,0,1,1
293,6782-1401-0002,672.0,32,S,1,0,1,1
294,6761-1903-6200,750.0,32,S,1,0,1,1
295,6782-1401-0103,264.0,32,S,1,0,1,1
296,6782-1401-0103,120.0,33,S,1,0,1,1
297,6782-1401-0103,300.0,33,S,1,0,1,1
299,6782-1401-0103,120.0,33,S,1,0,1,1
300,6782-1902-7107,96.0,33,S,1,0,1,1
301,6410-1100-6800,295.0,33,S,1,0,1,1
302,6782-1401-0103,96.0,33,S,1,0,1,1
303,6661-1101-2203,1260.0,33,S,1,0,1,1
304,6337-1600-2217,56.0,33,S,1,0,1,1
305,6744-1600-1304,494.0,33,S,1,0,1,1
306,6318-1700-2607,432.0,33,S,1,0,1,1
307,6761-1200-0112,2500.0,33,S,1,0,1,1
308,6782-1401-0002,96.0,33,S,1,0,1,1
309,6602-1300-1003,2880.0,33,S,1,0,1,1
310,6782-1401-0002,1000.0,34,S,1,0,1,1
311,6774-1200-0006,100.0,34,S,1,0,1,1
312,6782-1401-0103,1000.0,34,S,1,0,1,1
313,6799-1300-0025,192.0,34,S,1,0,1,1
314,6774-1200-5105,50.0,34,S,1,0,1,1
315,6774-1400-0701,100.0,34,S,1,0,1,1
316,6782-1902-7207,1000.0,34,S,1,0,1,1
317,6774-1300-0301,100.0,34,S,1,0,1,1
318,6774-1800-1800,25.0,34,S,1,0,1,1
320,6649-1800-4503,100.0,35,S,1,0,1,1
321,6782-1401-0002,96.0,35,S,1,0,1,1
322,6782-1401-0002,388.0,35,S,1,0,1,1
323,6782-1401-0103,96.0,35,S,1,0,1,1
324,6782-1902-7107,96.0,35,S,1,0,1,1
325,6782-1902-7107,388.0,35,S,1,0,1,1
326,6782-1401-0103,388.0,35,S,1,0,1,1
327,6649-1000-0213,2015.0,36,S,1,0,1,1
328,6050-1900-1202,432.0,36,S,1,0,1,1
329,6298-1200-4404,240.0,36,S,1,0,1,1
330,6799-1300-0025,144.0,37,S,1,0,1,1
331,6934-1802-8104,20.0,38,S,1,0,1,1
332,6337-1600-2217,56.0,38,S,1,0,1,1
333,6318-1500-4007,375.0,38,S,1,0,1,1
334,6023-1701-0007,1000.0,38,S,1,0,1,1
335,6782-1401-0103,96.0,38,S,1,0,1,1
336,6298-1200-4404,240.0,38,S,1,0,1,1
337,6782-1401-0002,96.0,38,S,1,0,1,1
338,6318-1700-2607,432.0,38,S,1,0,1,1
339,6782-1902-7107,96.0,38,S,1,0,1,1
340,6337-1200-8505,700.0,38,S,1,0,1,1
341,6298-1200-2808,300.0,38,S,1,0,1,1
342,6410-1602-0904,50.0,38,S,1,0,1,1
343,6298-1700-5902,360.0,39,S,1,0,1,1
344,6799-1300-0025,192.0,39,S,1,0,1,1
345,6298-1700-5902,600.0,39,S,1,0,1,1
346,6649-1000-0213,1000.0,39,S,1,0,1,1
347,6966-1700-0006,480.0,39,S,1,0,1,1
348,6298-1200-4404,240.0,41,S,1,0,1,1
350,6808-1600-2511,256.0,41,S,1,0,1,1
351,6298-1200-2808,241.0,41,S,1,0,1,1
352,6318-1200-4602,600.0,41,S,1,0,1,1
353,6023-1701-0007,500.0,41,S,1,0,1,1
354,6298-1200-2808,59.0,41,S,1,0,1,1
355,6761-1901-2801,10000.0,42,S,1,0,1,1
356,6761-1903-0303,10000.0,42,S,1,0,1,1
357,6761-1903-6200,1000.0,42,S,1,0,1,1
358,6649-1800-4603,275.0,42,S,1,0,1,1
360,6337-1600-2217,56.0,43,S,1,0,1,1
361,6774-1400-0701,100.0,43,S,1,0,1,1
362,6318-1500-4007,297.0,43,S,1,0,1,1
363,6761-1200-0005,9334.0,43,S,1,0,1,1
364,6782-1401-0103,68.0,43,S,1,0,1,1
365,6337-1600-2217,56.0,43,S,1,0,1,1
366,6661-1101-0401,900.0,43,S,1,0,1,1
368,6782-1902-7207,68.0,43,S,1,0,1,1
369,6880-1903-5503,10.0,43,S,1,0,1,1
370,6799-1300-0025,240.0,43,S,1,0,1,1
371,6337-1600-2217,56.0,43,S,1,0,1,1
372,6298-1700-5902,600.0,43,S,1,0,1,1
373,6782-1401-0002,68.0,43,S,1,0,1,1
374,6808-1700-2304,256.0,43,S,1,0,1,1
375,6782-1902-7207,800.0,44,S,1,0,1,1
376,6799-1900-3302,30.0,44,S,1,0,1,1
377,6782-1401-0002,820.0,44,S,1,0,1,1
378,6782-1401-0103,820.0,44,S,1,0,1,1
380,6808-1800-4902,200.0,44,S,1,0,1,1
382,6298-1100-0611,1080.0,46,S,1,0,1,1
383,6602-1700-1303,6000.0,46,S,1,0,1,1
384,6298-1400-7005,1080.0,46,S,1,0,1,1
385,6298-1400-7005,1080.0,46,S,1,0,1,1
386,6023-1702-0404,1000.0,46,S,1,0,1,1
387,6602-1700-1201,6000.0,46,S,1,0,1,1
388,6799-1300-0025,144.0,47,S,1,0,1,1
389,6932-1701-7400,100.0,47,S,1,0,1,1
390,6932-1902-7102,500.0,47,S,1,0,1,1
391,6932-1902-8802,500.0,47,S,1,0,1,1
392,6932-1902-9203,100.0,47,S,1,0,1,1
395,6023-1900-1500,500.0,49,S,1,0,1,1
396,6782-1401-0002,192.0,49,S,1,0,1,1
397,6782-1401-0002,300.0,49,S,1,0,1,1
398,6782-1401-0103,192.0,49,S,1,0,1,1
399,6782-1902-7307,130.0,49,S,1,0,1,1
400,6782-1902-7207,192.0,49,S,1,0,1,1
401,6782-1401-0103,300.0,49,S,1,0,1,1
402,6782-1401-0103,192.0,49,S,1,0,1,1
404,6782-1401-0002,150.0,50,S,1,0,1,1
406,6782-1902-7107,104.0,50,S,1,0,1,1
407,6782-1902-7207,100.0,50,S,1,0,1,1
408,6782-1401-0103,104.0,50,S,1,0,1,1
409,6298-1100-0611,1080.0,50,S,1,0,1,1
410,6298-1701-5704,240.0,50,S,1,0,1,1
411,6782-1401-0103,150.0,50,S,1,0,1,1
412,6782-1401-0002,104.0,50,S,1,0,1,1
413,6799-1300-0025,240.0,50,S,1,0,1,1
414,6761-1200-5703,700.0,51,S,1,0,1,1
415,6880-1900-0105,50.0,51,S,1,0,1,1
416,6023-1701-0007,400.0,51,S,1,0,1,1
417,6661-1101-2203,1260.0,53,S,1,0,1,1
418,6661-1100-2804,480.0,53,S,1,0,1,1
420,6782-1902-7207,550.0,54,S,1,0,1,1
422,6782-1401-0103,1000.0,54,S,1,0,1,1
423,6782-1401-0103,500.0,54,S,1,0,1,1
424,6782-1401-0002,1000.0,54,S,1,0,1,1
425,6782-1401-0002,500.0,54,S,1,0,1,1
426,6023-1900-1500,500.0,55,S,1,0,1,1
427,6934-1802-8104,30.0,56,S,1,0,1,1
428,6761-1200-0005,10000.0,56,S,1,0,1,1
429,6649-1800-4603,175.0,56,S,1,0,1,1
430,6649-1800-4503,400.0,56,S,1,0,1,1
431,6782-1902-7307,100.0,57,S,1,0,1,1
432,6050-1700-0008,50.0,57,S,1,0,1,1
433,6782-1401-0002,150.0,57,S,1,0,1,1
434,6782-1401-0103,150.0,57,S,1,0,1,1
436,6649-1800-4603,400.0,57,S,1,0,1,1
439,6649-1800-4503,400.0,57,S,1,0,1,1
440,6774-1200-0006,100.0,58,S,1,0,1,1
441,6782-1902-7107,96.0,58,S,1,0,1,1
442,6782-1902-7107,96.0,58,S,1,0,1,1
443,6774-1200-5707,50.0,58,S,1,0,1,1
444,6782-1401-0103,96.0,58,S,1,0,1,1
445,6782-1401-0103,96.0,58,S,1,0,1,1
446,6782-1401-0103,96.0,58,S,1,0,1,1
447,6782-1401-0002,96.0,58,S,1,0,1,1
448,6774-1500-0800,23.0,58,S,1,0,1,1
450,6337-1600-2217,56.0,58,S,1,0,1,1
451,6782-1401-0002,96.0,58,S,1,0,1,1
452,6782-1401-0002,96.0,58,S,1,0,1,1
453,6761-1200-0112,2500.0,58,S,1,0,1,1
454,6782-1401-0002,109.0,60,S,1,0,1,1
455,6782-1401-0103,109.0,60,S,1,0,1,1
456,6782-1401-0103,109.0,60,S,1,0,1,1
457,6782-1401-0002,109.0,60,S,1,0,1,1
458,6023-1701-0007,1600.0,60,S,1,0,1,1
459,6782-1902-7107,109.0,60,S,1,0,1,1
460,6782-1902-7107,109.0,60,S,1,0,1,1
461,6050-1900-2401,500.0,61,S,1,0,1,1
462,6934-1802-8104,30.0,61,S,1,0,1,1
463,6050-1900-0003,500.0,61,S,1,0,1,1
464,6782-1401-0002,347.0,62,S,1,0,1,1
465,6782-1401-0103,347.0,62,S,1,0,1,1
466,6782-1902-7107,347.0,62,S,1,0,1,1
467,6782-1902-7207,312.0,63,S,1,0,1,1
468,6023-1701-0007,500.0,63,S,1,0,1,1
469,6050-1700-0008,750.0,63,S,1,0,1,1
470,6782-1401-0002,312.0,63,S,1,0,1,1
473,6932-1701-7400,100.0,63,S,1,0,1,1
474,6782-1401-0103,336.0,63,S,1,0,1,1
476,6761-1903-0303,10000.0,64,S,1,0,1,1
477,6932-1701-7400,100.0,64,S,1,0,1,1
478,6782-1902-7207,300.0,64,S,1,0,1,1
479,6782-1902-7107,96.0,64,S,1,0,1,1
481,6932-1701-7400,100.0,64,S,1,0,1,1
482,6782-1401-0103,300.0,64,S,1,0,1,1
483,6782-1401-0002,96.0,64,S,1,0,1,1
484,6782-1401-0002,300.0,64,S,1,0,1,1
485,6761-1903-6200,1000.0,64,S,1,0,1,1
486,6761-1901-2801,10000.0,64,S,1,0,1,1
487,6782-1401-0103,96.0,64,S,1,0,1,1
488,6774-1200-6301,30.0,65,S,1,0,1,1
489,6774-1300-8704,150.0,65,S,1,0,1,1
490,6808-1800-4902,200.0,65,S,1,0,1,1
491,6649-1801-5604,125.0,65,S,1,0,1,1
492,6774-1400-0701,123.0,65,S,1,0,1,1
493,6774-1400-0701,77.0,65,S,1,0,1,1
494,6934-1802-8104,30.0,66,S,1,0,1,1
495,6298-1200-4404,360.0,66,S,1,0,1,1
496,6298-1701-5704,120.0,66,S,1,0,1,1
497,6932-1902-7501,500.0,67,S,1,0,1,1
498,6932-1701-7400,100.0,67,S,1,0,1,1
499,6932-1902-8202,100.0,67,S,1,0,1,1
501,6050-1700-0008,750.0,68,S,1,0,1,1
502,6649-1800-4603,300.0,68,S,1,0,1,1
503,6337-1400-0622,420.0,68,S,1,0,1,1
504,6782-1401-0002,600.0,68,S,1,0,1,1
505,6649-1800-4503,100.0,68,S,1,0,1,1
506,6782-1902-7207,450.0,68,S,1,0,1,1
507,6337-1600-2217,56.0,68,S,1,0,1,1
509,6782-1401-0002,384.0,69,S,1,0,1,1
510,6782-1902-7207,384.0,69,S,1,0,1,1
512,6782-1401-0103,2000.0,69,S,1,0,1,1
513,6782-1401-0002,2000.0,69,S,1,0,1,1
515,6782-1401-0103,384.0,69,S,1,0,1,1
516,6045-1903-5700,1944.0,71,S,1,0,1,1
517,6661-1100-2804,1200.0,71,S,1,0,1,1
518,6934-1802-8104,30.0,71,S,1,0,1,1
519,6050-1700-0008,750.0,72,S,1,0,1,1
521,6337-1600-2217,56.0,73,S,1,0,1,1
522,6023-1702-0404,400.0,74,S,1,0,1,1
523,6782-1401-0002,312.0,74,S,1,0,1,1
524,6782-1401-0103,312.0,74,S,1,0,1,1
525,6782-1401-0103,312.0,74,S,1,0,1,1
528,6761-1903-6200,1000.0,74,S,1,0,1,1
529,6023-1702-0404,600.0,74,S,1,0,1,1
530,6934-1802-8104,30.0,76,S,1,0,1,1
531,6023-1600-0606,88.0,76,S,1,0,1,1
532,6023-1702-0404,1600.0,78,S,1,0,1,1
533,6337-1600-2217,56.0,78,S,1,0,1,1
534,6023-1800-5602,30.0,78,S,1,0,1,1
537,6744-1500-5404,500.0,80,S,1,0,1,1
538,6744-1600-1201,500.0,80,S,1,0,1,1
539,6744-1600-1304,500.0,80,S,1,0,1,1
541,6744-1500-6603,500.0,80,S,1,0,1,1
542,6023-1900-1500,500.0,81,S,1,0,1,1
543,6934-1802-8104,30.0,81,S,1,0,1,1
544,6023-1702-0404,400.0,83,S,1,0,1,1
545,6782-1401-0103,336.0,83,S,1,0,1,1
547,6782-1401-0002,312.0,83,S,1,0,1,1
549,6782-1902-7207,312.0,83,S,1,0,1,1
550,6298-1200-4404,360.0,85,S,1,0,1,1
551,6298-1200-4404,120.0,85,S,1,0,1,1
552,6023-1702-2904,150.0,85,S,1,0,1,1
553,6782-1401-0002,96.0,86,S,1,0,1,1
554,6761-1903-0303,10000.0,86,S,1,0,1,1
556,6782-1401-0103,96.0,86,S,1,0,1,1
557,6050-1700-0008,500.0,86,S,1,0,1,1
558,6761-1901-2801,10000.0,86,S,1,0,1,1
559,6932-1902-7102,500.0,86,S,1,0,1,1
560,6661-2000-0000,733.0,86,S,1,0,1,1
561,6761-1901-2801,7500.0,86,S,1,0,1,1
562,6934-1802-8104,30.0,86,S,1,0,1,1
563,6761-1903-0303,7500.0,86,S,1,0,1,1
564,6050-1700-0008,500.0,86,S,1,0,1,1
565,6761-1903-6200,1250.0,86,S,1,0,1,1
566,6932-1902-8802,500.0,87,S,1,0,1,1
567,6932-1902-9203,75.0,87,S,1,0,1,1
568,6932-1902-9203,25.0,87,S,1,0,1,1
569,6023-1900-1500,500.0,89,S,1,0,1,1
571,6782-1401-0002,152.0,89,S,1,0,1,1
572,6782-1401-0103,450.0,89,S,1,0,1,1
575,6782-1902-7107,384.0,89,S,1,0,1,1
576,6782-1401-0002,261.0,89,S,1,0,1,1
577,6782-1401-0002,384.0,89,S,1,0,1,1
578,6782-1401-0002,450.0,89,S,1,0,1,1
580,6782-1401-0103,261.0,89,S,1,0,1,1
581,6782-1401-0103,152.0,89,S,1,0,1,1
582,6782-1401-0103,384.0,89,S,1,0,1,1
583,6934-1802-8104,30.0,91,S,1,0,1,1
585,6782-1401-0103,2000.0,91,S,1,0,1,1
586,6782-1401-0002,2000.0,91,S,1,0,1,1
587,6782-1401-0103,96.0,92,S,1,0,1,1
588,6782-1401-0002,96.0,92,S,1,0,1,1
589,6023-1900-1500,500.0,92,S,1,0,1,1
593,6023-1701-0007,400.0,95,S,1,0,1,1
594,6782-1401-0002,96.0,96,S,1,0,1,1
595,6782-1401-0103,96.0,96,S,1,0,1,1
598,6782-1401-0002,200.0,98,S,1,0,1,1
599,6782-1401-0002,160.0,98,S,1,0,1,1
600,6782-1401-0002,96.0,98,S,1,0,1,1
601,6782-1401-0103,200.0,98,S,1,0,1,1
602,6782-1401-0103,160.0,98,S,1,0,1,1
606,6782-1401-0103,96.0,98,S,1,0,1,1
607,6023-1701-0007,2000.0,99,S,1,0,1,1
608,6023-1702-0404,1000.0,99,S,1,0,1,1
610,6782-1401-0103,96.0,99,S,1,0,1,1
613,6023-1702-2904,150.0,99,S,1,0,1,1
614,6782-1401-0002,96.0,99,S,1,0,1,1
615,6023-1800-5602,30.0,100,S,1,0,1,1
617,6023-1701-0007,1600.0,103,S,1,0,1,1
619,6050-1700-0008,500.0,104,S,1,0,1,1
620,6050-1700-0008,500.0,104,S,1,0,1,1
621,6761-1903-0303,5000.0,107,S,1,0,1,1
622,6023-1701-0007,500.0,107,S,1,0,1,1
623,6761-1901-2801,5000.0,107,S,1,0,1,1
624,6782-1401-0002,312.0,108,S,1,0,1,1
625,6782-1401-0103,336.0,108,S,1,0,1,1
629,6023-1702-0404,400.0,109,S,1,0,1,1
630,6050-1700-0008,350.0,110,S,1,0,1,1
632,6050-1700-0008,100.0,112,S,1,0,1,1
634,6782-1401-0002,498.0,113,S,1,0,1,1
636,6782-1401-0103,498.0,113,S,1,0,1,1
638,6023-1702-0404,1100.0,118,S,1,0,1,1
640,6782-1902-7207,384.0,119,S,1,0,1,1
642,6782-1401-0103,384.0,119,S,1,0,1,1
643,6782-1401-0002,384.0,119,S,1,0,1,1
645,6782-1401-0002,96.0,121,S,1,0,1,1
646,6782-1401-0103,96.0,121,S,1,0,1,1
648,6023-1800-5602,50.0,122,S,1,0,1,1
649,6023-1900-1500,500.0,122,S,1,0,1,1
652,6782-1401-0103,96.0,123,S,1,0,1,1
653,6782-1401-0103,96.0,123,S,1,0,1,1
654,6782-1401-0002,96.0,123,S,1,0,1,1
655,6782-1401-0002,96.0,123,S,1,0,1,1
656,6023-1702-2904,150.0,124,S,1,0,1,1
657,6050-1700-0008,500.0,127,S,1,0,1,1
658,6050-1700-0008,300.0,127,S,1,0,1,1
659,6050-1700-0008,500.0,127,S,1,0,1,1
660,6782-1401-0002,96.0,128,S,1,0,1,1
661,6782-1401-0002,156.0,128,S,1,0,1,1
662,6782-1401-0002,312.0,128,S,1,0,1,1
663,6782-1401-0002,96.0,128,S,1,0,1,1
664,6782-1401-0002,256.0,128,S,1,0,1,1
665,6782-1401-0103,256.0,128,S,1,0,1,1
666,6782-1401-0103,336.0,128,S,1,0,1,1
667,6782-1401-0103,96.0,128,S,1,0,1,1
673,6782-1401-0103,156.0,128,S,1,0,1,1
674,6782-1401-0103,96.0,128,S,1,0,1,1
676,6934-1802-8104,30.0,131,S,1,0,1,1
677,6050-1700-0008,350.0,132,S,1,0,1,1
678,6782-1401-0002,100.0,133,S,1,0,1,1
681,6782-1401-0103,100.0,133,S,1,0,1,1
682,6782-1401-0103,96.0,134,S,1,0,1,1
683,6023-1701-0007,2000.0,134,S,1,0,1,1
684,6782-1401-0002,96.0,134,S,1,0,1,1
687,6782-1401-0002,96.0,135,S,1,0,1,1
688,6782-1902-7107,96.0,135,S,1,0,1,1
691,6782-1401-0103,96.0,135,S,1,0,1,1
692,6782-1401-0103,96.0,135,S,1,0,1,1
693,6782-1401-0002,96.0,135,S,1,0,1,1
694,6934-1802-8104,30.0,136,S,1,0,1,1
695,6782-1401-0002,270.0,138,S,1,0,1,1
696,6782-1401-0103,270.0,138,S,1,0,1,1
698,6782-1902-7207,384.0,139,S,1,0,1,1
701,6782-1401-0103,384.0,139,S,1,0,1,1
702,6782-1401-0002,384.0,139,S,1,0,1,1
703,6782-1401-0103,894.0,141,S,1,0,1,1
704,6782-1401-0002,894.0,141,S,1,0,1,1
705,6934-1802-8104,30.0,141,S,1,0,1,1
707,6023-1702-0404,1500.0,142,S,1,0,1,1
708,6023-1702-2904,150.0,144,S,1,0,1,1
710,6782-1401-0002,300.0,146,S,1,0,1,1
711,6782-1401-0103,300.0,146,S,1,0,1,1
713,6934-1802-8104,30.0,146,S,1,0,1,1
714,6782-1401-0002,96.0,147,S,1,0,1,1
715,6782-1401-0002,96.0,147,S,1,0,1,1
716,6782-1401-0103,96.0,147,S,1,0,1,1
717,6782-1401-0103,96.0,147,S,1,0,1,1
720,6782-1401-0002,618.0,150,S,1,0,1,1
721,6782-1401-0103,618.0,150,S,1,0,1,1
723,6934-1802-8104,30.0,151,S,1,0,1,1
724,6023-1701-0007,2000.0,152,S,1,0,1,1
725,6782-1401-0103,336.0,153,S,1,0,1,1
726,6782-1401-0002,312.0,153,S,1,0,1,1
727,6782-1401-0103,146.0,154,S,1,0,1,1
728,6782-1401-0002,146.0,154,S,1,0,1,1
731,6782-1401-0002,96.0,155,S,1,0,1,1
732,6782-1401-0002,192.0,155,S,1,0,1,1
733,6023-1702-2904,150.0,155,S,1,0,1,1
734,6782-1401-0002,96.0,155,S,1,0,1,1
735,6782-1401-0103,192.0,155,S,1,0,1,1
737,6782-1401-0103,96.0,155,S,1,0,1,1
739,6782-1902-7207,192.0,155,S,1,0,1,1
740,6782-1902-7107,96.0,155,S,1,0,1,1
741,6782-1401-0103,96.0,155,S,1,0,1,1
742,6934-1802-8104,30.0,156,S,1,0,1,1
744,6782-1401-0103,106.0,157,S,1,0,1,1
745,6782-1401-0002,106.0,157,S,1,0,1,1
748,6934-1802-8104,30.0,161,S,1,0,1,1
749,6023-1702-0404,1500.0,163,S,1,0,1,1
750,6934-1802-8104,30.0,166,S,1,0,1,1
751,6782-1401-0002,96.0,167,S,1,0,1,1
754,6782-1401-0103,96.0,167,S,1,0,1,1
758,6782-1401-0103,96.0,168,S,1,0,1,1
759,6782-1401-0002,179.0,168,S,1,0,1,1
760,6782-1401-0002,96.0,168,S,1,0,1,1
762,6782-1401-0103,96.0,169,S,1,0,1,1
763,6782-1401-0002,96.0,169,S,1,0,1,1
764,6782-1401-0002,96.0,171,S,1,0,1,1
765,6782-1401-0103,96.0,171,S,1,0,1,1
767,6934-1802-8104,30.0,171,S,1,0,1,1
768,6782-1401-0103,336.0,173,S,1,0,1,1
770,6934-1802-8104,30.0,176,S,1,0,1,1
772,6782-1401-0002,300.0,177,S,1,0,1,1
773,6782-1401-0103,300.0,177,S,1,0,1,1
775,6782-1401-0103,96.0,179,S,1,0,1,1
777,6782-1401-0002,96.0,179,S,1,0,1,1
778,6782-1401-0002,491.0,179,S,1,0,1,1
779,6782-1401-0103,491.0,179,S,1,0,1,1
780,6934-1802-8104,30.0,181,S,1,0,1,1
781,6782-1401-0002,128.0,183,S,1,0,1,1
782,6782-1401-0103,128.0,183,S,1,0,1,1
784,6782-1401-0002,96.0,184,S,1,0,1,1
785,6782-1401-0103,96.0,184,S,1,0,1,1
788,6934-1802-8104,30.0,186,S,1,0,1,1
789,6782-1401-0002,514.0,188,S,1,0,1,1
790,6782-1401-0002,215.0,188,S,1,0,1,1
791,6782-1401-0002,97.0,188,S,1,0,1,1
794,6782-1401-0103,97.0,188,S,1,0,1,1
796,6782-1401-0103,514.0,188,S,1,0,1,1
797,6782-1401-0103,215.0,188,S,1,0,1,1
798,6934-1802-8104,30.0,191,S,1,0,1,1
799,6782-1401-0002,312.0,193,S,1,0,1,1
800,6782-1401-0103,336.0,193,S,1,0,1,1
803,6782-1401-0103,96.0,194,S,1,0,1,1
804,6782-1401-0002,96.0,194,S,1,0,1,1
805,6782-1401-0002,96.0,194,S,1,0,1,1
806,6782-1401-0002,239.0,194,S,1,0,1,1
807,6782-1401-0103,96.0,194,S,1,0,1,1
808,6782-1401-0103,239.0,194,S,1,0,1,1
812,6782-1401-0002,96.0,195,S,1,0,1,1
813,6782-1401-0103,96.0,195,S,1,0,1,1
815,6782-1401-0103,96.0,197,S,1,0,1,1
816,6782-1401-0002,96.0,197,S,1,0,1,1
817,6782-1401-0002,96.0,197,S,1,0,1,1
822,6782-1401-0103,96.0,197,S,1,0,1,1
825,6782-1401-0103,142.0,204,S,1,0,1,1
826,6782-1401-0002,142.0,204,S,1,0,1,1
827,6782-1401-0002,97.0,205,S,1,0,1,1
828,6782-1401-0103,97.0,205,S,1,0,1,1
831,6782-1401-0002,96.0,208,S,1,0,1,1
832,6782-1401-0103,96.0,208,S,1,0,1,1
835,6782-1401-0103,96.0,209,S,1,0,1,1
837,6782-1401-0002,96.0,209,S,1,0,1,1
840,6782-1401-0002,300.0,211,S,1,0,1,1
841,6782-1401-0103,300.0,211,S,1,0,1,1
842,6782-1401-0002,514.0,216,S,1,0,1,1
843,6782-1401-0103,514.0,216,S,1,0,1,1
845,6782-1401-0103,261.0,217,S,1,0,1,1
846,6782-1401-0002,122.0,217,S,1,0,1,1
847,6761-2000-1800,400.0,217,S,1,0,1,1
849,6782-1401-0002,96.0,217,S,1,0,1,1
850,6782-1401-0002,261.0,217,S,1,0,1,1
851,6782-1401-0002,96.0,217,S,1,0,1,1
852,6782-1401-0103,96.0,217,S,1,0,1,1
853,6782-1401-0103,96.0,217,S,1,0,1,1
854,6782-1401-0103,122.0,217,S,1,0,1,1
858,6782-1401-0103,672.0,218,S,1,0,1,1
859,6782-1401-0002,816.0,218,S,1,0,1,1
860,6782-1401-0103,96.0,222,S,1,0,1,1
862,6782-1401-0002,96.0,222,S,1,0,1,1
863,6782-1401-0103,96.0,228,S,1,0,1,1
865,6782-1401-0002,96.0,228,S,1,0,1,1
869,6782-1401-0103,116.0,230,S,1,0,1,1
870,6782-1401-0103,96.0,230,S,1,0,1,1
871,6782-1401-0002,96.0,230,S,1,0,1,1
872,6782-1401-0002,116.0,230,S,1,0,1,1
873,6782-1401-0002,227.0,230,S,1,0,1,1
874,6782-1401-0103,227.0,230,S,1,0,1,1
875,6782-1401-0002,300.0,231,S,1,0,1,1
876,6782-1401-0103,300.0,231,S,1,0,1,1
877,6782-1401-0002,96.0,231,S,1,0,1,1
878,6782-1401-0103,96.0,231,S,1,0,1,1
881,6782-1401-0002,507.0,237,S,1,0,1,1
882,6782-1401-0103,507.0,237,S,1,0,1,1
884,6782-1401-0002,96.0,239,S,1,0,1,1
885,6782-1401-0103,96.0,239,S,1,0,1,1
887,6782-1401-0103,96.0,242,S,1,0,1,1
888,6782-1401-0002,96.0,242,S,1,0,1,1
890,6782-1401-0103,96.0,247,S,1,0,1,1
892,6782-1401-0103,265.0,247,S,1,0,1,1
893,6782-1401-0002,96.0,247,S,1,0,1,1
894,6782-1401-0002,265.0,247,S,1,0,1,1
897,6782-1401-0002,152.0,247,S,1,0,1,1
898,6782-1401-0103,152.0,247,S,1,0,1,1
900,6782-1401-0002,512.0,253,S,1,0,1,1
901,6782-1401-0103,512.0,253,S,1,0,1,1
903,6782-1401-0103,96.0,254,S,1,0,1,1
905,6782-1401-0002,96.0,254,S,1,0,1,1
906,6782-1401-0002,96.0,257,S,1,0,1,1
907,6782-1401-0103,96.0,257,S,1,0,1,1
911,6782-1401-0002,96.0,262,S,1,0,1,1
912,6782-1401-0103,96.0,262,S,1,0,1,1
913,6782-1401-0103,96.0,266,S,1,0,1,1
915,6782-1401-0103,142.0,266,S,1,0,1,1
917,6782-1401-0002,96.0,266,S,1,0,1,1
918,6782-1401-0002,142.0,266,S,1,0,1,1
919,6782-1401-0002,217.0,266,S,1,0,1,1
920,6782-1401-0103,217.0,266,S,1,0,1,1
922,6782-1401-0002,502.0,268,S,1,0,1,1
923,6782-1401-0103,502.0,268,S,1,0,1,1
931,6023-1800-5602,50.0,153,F,1,0,1,1
932,6023-1800-5602,50.0,175,F,1,0,1,1
933,6023-1800-5602,30.0,196,F,1,0,1,1
934,6043-1900-2702,200.0,22,F,1,0,1,1
937,6045-1903-0101,51.0,87,F,1,0,1,1
938,6045-1903-3602,375.0,22,F,1,0,1,1
939,6045-1903-5000,307.0,22,F,1,0,1,1
940,6045-1903-5102,675.0,22,F,1,0,1,1
941,6045-1903-5102,946.0,44,F,1,0,1,1
942,6045-1903-5201,150.0,22,F,1,0,1,1
943,6045-1903-5301,23.0,65,F,1,0,1,1
944,6045-1903-5501,150.0,22,F,1,0,1,1
945,6045-1903-9001,300.0,22,F,1,0,1,1
946,6045-1904-5500,334.0,22,F,1,0,1,1
947,6045-1904-5500,334.0,65,F,1,0,1,1
948,6045-1904-5500,334.0,110,F,1,0,1,1
949,6045-1904-5500,329.0,131,F,1,0,1,1
950,6045-2000-3903,125.0,44,F,1,0,1,1
951,6045-2000-3903,125.0,87,F,1,0,1,1
952,6045-2000-3903,125.0,131,F,1,0,1,1
953,6045-2000-3903,125.0,175,F,1,0,1,1
954,6045-2000-3903,125.0,219,F,1,0,1,1
955,6045-2000-3903,125.0,240,F,1,0,1,1
956,6045-2000-4401,440.0,44,F,1,0,1,1
957,6045-2000-4401,100.0,87,F,1,0,1,1
959,6047-1800-0003,1823.0,44,F,1,0,1,1
960,6047-1800-0003,1900.0,65,F,1,0,1,1
961,6047-1800-0003,1123.0,87,F,1,0,1,1
962,6047-1800-0003,1948.0,110,F,1,0,1,1
963,6047-1800-0003,1284.0,131,F,1,0,1,1
964,6047-1800-0003,1338.0,153,F,1,0,1,1
965,6047-1800-0003,1410.0,175,F,1,0,1,1
966,6047-1800-0003,1167.0,196,F,1,0,1,1
967,6047-1800-0003,1537.0,219,F,1,0,1,1
968,6047-1800-0003,1695.0,240,F,1,0,1,1
969,6047-1800-0603,844.0,22,F,1,0,1,1
970,6047-1800-0603,540.0,44,F,1,0,1,1
971,6047-1800-0603,709.0,65,F,1,0,1,1
972,6047-1800-0603,515.0,110,F,1,0,1,1
973,6047-1800-0603,515.0,131,F,1,0,1,1
974,6047-1800-0603,515.0,175,F,1,0,1,1
975,6047-1800-0603,515.0,219,F,1,0,1,1
987,6047-1800-7903,248.0,22,F,1,0,1,1
988,6047-1800-7903,211.0,44,F,1,0,1,1
989,6047-1800-7903,196.0,65,F,1,0,1,1
990,6047-1800-7903,153.0,87,F,1,0,1,1
991,6047-1800-7903,413.0,110,F,1,0,1,1
992,6047-1800-7903,86.0,131,F,1,0,1,1
993,6047-1800-7903,224.0,153,F,1,0,1,1
994,6047-1800-7903,183.0,175,F,1,0,1,1
995,6047-1800-7903,148.0,196,F,1,0,1,1
996,6047-1800-7903,166.0,219,F,1,0,1,1
997,6047-1800-7903,269.0,240,F,1,0,1,1
1009,6050-1700-0303,100.0,22,F,1,0,1,1
1010,6050-1700-0303,1250.0,44,F,1,0,1,1
1011,6050-1700-0303,1000.0,65,F,1,0,1,1
1012,6050-1700-0303,1000.0,87,F,1,0,1,1
1013,6050-1700-0303,994.0,110,F,1,0,1,1
1014,6050-1700-0303,1000.0,131,F,1,0,1,1
1015,6050-1700-0303,1000.0,153,F,1,0,1,1
1016,6050-1900-0003,500.0,87,F,1,0,1,1
1017,6050-1900-1202,500.0,65,F,1,0,1,1
1018,6050-1900-2401,500.0,65,F,1,0,1,1
1019,6298-1100-0610,220.0,22,F,1,0,1,1
1020,6298-1100-0610,600.0,44,F,1,0,1,1
1021,6298-1100-0611,4320.0,22,F,1,0,1,1
1022,6298-1100-0611,3240.0,44,F,1,0,1,1
1023,6298-1100-0611,2480.0,65,F,1,0,1,1
1024,6298-1100-0611,1080.0,87,F,1,0,1,1
1025,6298-1200-2808,900.0,44,F,1,0,1,1
1026,6298-1200-2808,900.0,65,F,1,0,1,1
1027,6298-1200-2808,600.0,87,F,1,0,1,1
1028,6298-1200-2808,600.0,110,F,1,0,1,1
1029,6298-1200-2808,900.0,131,F,1,0,1,1
1030,6298-1200-2808,900.0,153,F,1,0,1,1
1031,6298-1200-2808,900.0,175,F,1,0,1,1
1032,6298-1200-2808,900.0,196,F,1,0,1,1
1033,6298-1200-2808,900.0,219,F,1,0,1,1
1034,6298-1200-2808,900.0,240,F,1,0,1,1
1035,6298-1200-2808,900.0,260,F,1,0,1,1
1036,6298-1200-4404,600.0,65,F,1,0,1,1
1037,6298-1200-4404,600.0,87,F,1,0,1,1
1038,6298-1200-4404,600.0,110,F,1,0,1,1
1039,6298-1200-4404,600.0,131,F,1,0,1,1
1040,6298-1200-4404,600.0,153,F,1,0,1,1
1041,6298-1200-4404,600.0,175,F,1,0,1,1
1042,6298-1200-4404,600.0,196,F,1,0,1,1
1043,6298-1400-7005,1142.0,44,F,1,0,1,1
1044,6298-1400-7005,1618.0,65,F,1,0,1,1
1045,6298-1400-7005,1080.0,87,F,1,0,1,1
1046,6298-1400-7005,1080.0,110,F,1,0,1,1
1047,6298-1400-7005,1080.0,131,F,1,0,1,1
1048,6298-1400-7005,1080.0,153,F,1,0,1,1
1049,6298-1400-7005,1080.0,175,F,1,0,1,1
1050,6298-1700-5902,600.0,65,F,1,0,1,1
1051,6298-1700-5902,600.0,87,F,1,0,1,1
1052,6298-1700-5902,600.0,110,F,1,0,1,1
1053,6298-1700-5902,1200.0,131,F,1,0,1,1
1054,6298-1700-5902,1200.0,153,F,1,0,1,1
1055,6298-1700-5902,600.0,175,F,1,0,1,1
1056,6298-1700-5902,600.0,196,F,1,0,1,1
1057,6298-1700-5902,600.0,219,F,1,0,1,1
1058,6298-1700-5902,600.0,240,F,1,0,1,1
1059,6298-1700-5902,600.0,260,F,1,0,1,1
1060,6298-1701-5704,240.0,44,F,1,0,1,1
1061,6298-1701-5704,120.0,65,F,1,0,1,1
1062,6298-1701-5704,849.0,87,F,1,0,1,1
1063,6298-1701-5705,2003.0,22,F,1,0,1,1
1064,6298-1701-5705,2160.0,44,F,1,0,1,1
1065,6298-1701-5705,2160.0,65,F,1,0,1,1
1066,6298-1701-5705,2160.0,87,F,1,0,1,1
1067,6298-1701-5705,2160.0,110,F,1,0,1,1
1068,6298-1701-5705,2160.0,131,F,1,0,1,1
1069,6298-1701-5705,2160.0,153,F,1,0,1,1
1070,6298-1701-5705,2160.0,175,F,1,0,1,1
1071,6298-1701-5705,4445.0,196,F,1,0,1,1
1072,6318-1200-0610,12.0,87,F,1,0,1,1
1073,6318-1200-4602,300.0,65,F,1,0,1,1
1074,6318-1200-4602,316.0,87,F,1,0,1,1
1075,6318-1200-4602,300.0,110,F,1,0,1,1
1076,6318-1500-4007,336.0,44,F,1,0,1,1
1077,6318-1500-4007,672.0,65,F,1,0,1,1
1078,6318-1500-4007,336.0,87,F,1,0,1,1
1079,6318-1500-4007,336.0,110,F,1,0,1,1
1080,6318-1500-4007,336.0,131,F,1,0,1,1
1081,6318-1500-4007,336.0,153,F,1,0,1,1
1082,6318-1500-4007,336.0,175,F,1,0,1,1
1083,6318-1700-2607,600.0,44,F,1,0,1,1
1084,6318-1700-2607,468.0,65,F,1,0,1,1
1085,6318-1700-2607,600.0,87,F,1,0,1,1
1086,6318-1700-2607,600.0,110,F,1,0,1,1
1087,6318-1700-2607,300.0,131,F,1,0,1,1
1088,6318-1700-2607,300.0,153,F,1,0,1,1
1089,6318-1700-2607,300.0,175,F,1,0,1,1
1090,6318-1700-2607,341.0,196,F,1,0,1,1
1091,6318-1701-8407,50.0,22,F,1,0,1,1
1092,6318-1701-8407,50.0,44,F,1,0,1,1
1093,6318-1701-8407,50.0,65,F,1,0,1,1
1094,6318-1701-8407,50.0,87,F,1,0,1,1
1095,6318-1701-8407,43.0,110,F,1,0,1,1
1096,6318-1701-8407,50.0,131,F,1,0,1,1
1097,6318-1701-8407,50.0,153,F,1,0,1,1
1098,6318-1701-8407,50.0,175,F,1,0,1,1
1099,6318-1800-2804,800.0,22,F,1,0,1,1
1100,6318-1800-2804,800.0,44,F,1,0,1,1
1101,6318-1800-2804,800.0,65,F,1,0,1,1
1102,6318-1800-2804,1600.0,87,F,1,0,1,1
1103,6318-1800-2804,800.0,110,F,1,0,1,1
1104,6318-1800-2804,800.0,131,F,1,0,1,1
1105,6318-1800-2804,800.0,153,F,1,0,1,1
1106,6318-1800-2804,1000.0,175,F,1,0,1,1
1107,6337-0600-5602,250.0,44,F,1,0,1,1
1108,6337-0600-5602,250.0,175,F,1,0,1,1
1109,6337-1000-0012,1120.0,44,F,1,0,1,1
1110,6337-1000-0012,1120.0,110,F,1,0,1,1
1111,6337-1000-0012,1120.0,153,F,1,0,1,1
1112,6337-1200-0604,252.0,65,F,1,0,1,1
1113,6337-1200-8505,700.0,44,F,1,0,1,1
1114,6337-1200-8505,700.0,87,F,1,0,1,1
1115,6337-1200-8505,700.0,131,F,1,0,1,1
1116,6337-1200-8505,700.0,153,F,1,0,1,1
1117,6337-1200-8505,700.0,196,F,1,0,1,1
1118,6337-1300-2501,500.0,22,F,1,0,1,1
1119,6337-1300-2501,500.0,44,F,1,0,1,1
1120,6337-1300-2501,500.0,65,F,1,0,1,1
1121,6337-1300-2501,500.0,87,F,1,0,1,1
1122,6337-1300-2501,500.0,110,F,1,0,1,1
1123,6337-1300-2501,500.0,131,F,1,0,1,1
1124,6337-1300-2501,500.0,153,F,1,0,1,1
1125,6337-1300-2501,252.0,175,F,1,0,1,1
1126,6337-1400-0622,500.0,65,F,1,0,1,1
1127,6337-1400-0622,300.0,110,F,1,0,1,1
1128,6337-1400-0622,300.0,131,F,1,0,1,1
1129,6337-1400-0622,300.0,153,F,1,0,1,1
1130,6337-1400-0622,300.0,175,F,1,0,1,1
1131,6337-1400-0622,300.0,196,F,1,0,1,1
1132,6337-1400-0622,1657.0,219,F,1,0,1,1
1133,6337-1600-0206,400.0,22,F,1,0,1,1
1134,6337-1600-0206,200.0,44,F,1,0,1,1
1135,6337-1600-0206,200.0,110,F,1,0,1,1
1136,6337-1600-0206,200.0,175,F,1,0,1,1
1137,6337-1600-2217,168.0,65,F,1,0,1,1
1138,6337-1600-2217,56.0,87,F,1,0,1,1
1139,6337-1600-2217,224.0,110,F,1,0,1,1
1140,6337-1600-2217,224.0,131,F,1,0,1,1
1141,6337-1600-2217,112.0,153,F,1,0,1,1
1142,6337-1600-2217,224.0,175,F,1,0,1,1
1143,6337-1600-2217,56.0,196,F,1,0,1,1
1144,6337-1600-2217,1602.0,219,F,1,0,1,1
1145,6337-1700-2301,200.0,65,F,1,0,1,1
1146,6337-1700-5601,3000.0,22,F,1,0,1,1
1147,6337-1700-5601,2000.0,65,F,1,0,1,1
1148,6337-1700-7602,1000.0,22,F,1,0,1,1
1149,6337-1700-7602,1000.0,44,F,1,0,1,1
1150,6337-1700-7602,1000.0,65,F,1,0,1,1
1151,6337-1700-7602,1000.0,110,F,1,0,1,1
1152,6337-1700-7602,1000.0,175,F,1,0,1,1
1153,6337-1800-2606,200.0,22,F,1,0,1,1
1154,6337-1800-2606,200.0,44,F,1,0,1,1
1155,6337-1800-2606,400.0,65,F,1,0,1,1
1156,6337-1800-2606,200.0,87,F,1,0,1,1
1157,6337-1800-2606,200.0,110,F,1,0,1,1
1158,6337-1800-4302,720.0,22,F,1,0,1,1
1159,6337-1800-4302,720.0,44,F,1,0,1,1
1160,6337-1800-4302,720.0,87,F,1,0,1,1
1161,6337-1800-4302,720.0,131,F,1,0,1,1
1162,6337-1800-4302,720.0,175,F,1,0,1,1
1164,6337-2000-0400,100.0,22,F,1,0,1,1
1165,6337-2000-0400,100.0,44,F,1,0,1,1
1166,6337-2000-0400,100.0,65,F,1,0,1,1
1167,6337-2000-0400,100.0,131,F,1,0,1,1
1168,6337-2000-0400,100.0,175,F,1,0,1,1
1169,6410-0700-0317,25.0,44,F,1,0,1,1
1170,6410-1100-1605,30.0,22,F,1,0,1,1
1171,6410-1100-1605,30.0,87,F,1,0,1,1
1172,6410-1100-1605,30.0,153,F,1,0,1,1
1173,6410-1100-1905,180.0,22,F,1,0,1,1
1174,6410-1100-1905,120.0,44,F,1,0,1,1
1175,6410-1100-1905,180.0,65,F,1,0,1,1
1176,6410-1100-1905,120.0,87,F,1,0,1,1
1177,6410-1100-1905,120.0,110,F,1,0,1,1
1178,6410-1100-1905,120.0,131,F,1,0,1,1
1179,6410-1100-1905,120.0,153,F,1,0,1,1
1180,6410-1100-1905,120.0,175,F,1,0,1,1
1181,6410-1100-1905,120.0,196,F,1,0,1,1
1182,6410-1100-2006,300.0,22,F,1,0,1,1
1183,6410-1100-2006,160.0,44,F,1,0,1,1
1184,6410-1100-2006,210.0,65,F,1,0,1,1
1185,6410-1100-2006,160.0,87,F,1,0,1,1
1186,6410-1100-2006,160.0,110,F,1,0,1,1
1187,6410-1100-2006,160.0,131,F,1,0,1,1
1188,6410-1100-2006,160.0,153,F,1,0,1,1
1189,6410-1100-2006,160.0,175,F,1,0,1,1
1190,6410-1100-2006,160.0,196,F,1,0,1,1
1191,6410-1502-3303,25.0,22,F,1,0,1,1
1192,6410-1502-3303,25.0,65,F,1,0,1,1
1193,6410-1502-3303,25.0,87,F,1,0,1,1
1194,6410-1502-3303,25.0,131,F,1,0,1,1
1195,6410-1502-3303,25.0,175,F,1,0,1,1
1196,6410-1600-1005,120.0,22,F,1,0,1,1
1197,6410-1600-1005,180.0,44,F,1,0,1,1
1198,6410-1600-1005,180.0,110,F,1,0,1,1
1199,6410-1600-1005,120.0,131,F,1,0,1,1
1200,6410-1600-1100,120.0,22,F,1,0,1,1
1201,6410-1600-1100,180.0,65,F,1,0,1,1
1202,6410-1600-1100,120.0,87,F,1,0,1,1
1203,6410-1600-1100,120.0,153,F,1,0,1,1
1204,6410-1600-1100,180.0,175,F,1,0,1,1
1205,6410-1602-0904,50.0,44,F,1,0,1,1
1206,6410-1602-0904,50.0,65,F,1,0,1,1
1207,6410-1800-1502,750.0,22,F,1,0,1,1
1208,6410-1800-1502,750.0,44,F,1,0,1,1
1209,6410-1800-1502,600.0,65,F,1,0,1,1
1210,6410-1800-1502,600.0,87,F,1,0,1,1
1211,6410-1800-1502,540.0,110,F,1,0,1,1
1212,6410-1800-1502,480.0,131,F,1,0,1,1
1213,6410-1800-1502,400.0,153,F,1,0,1,1
1214,6410-1800-1502,300.0,175,F,1,0,1,1
1215,6410-1800-1502,200.0,196,F,1,0,1,1
1216,6410-1900-1603,80.0,22,F,1,0,1,1
1217,6410-1900-1603,65.0,44,F,1,0,1,1
1218,6410-1900-1603,80.0,65,F,1,0,1,1
1219,6410-1900-1603,80.0,87,F,1,0,1,1
1220,6410-1900-1603,40.0,110,F,1,0,1,1
1221,6410-1900-1603,40.0,131,F,1,0,1,1
1222,6410-1900-1603,40.0,153,F,1,0,1,1
1223,6410-1900-1603,40.0,175,F,1,0,1,1
1224,6410-1900-1603,40.0,196,F,1,0,1,1
1225,6410-1900-1802,30.0,22,F,1,0,1,1
1226,6410-1900-1802,30.0,44,F,1,0,1,1
1227,6410-1900-1803,30.0,22,F,1,0,1,1
1228,6410-1900-1803,30.0,44,F,1,0,1,1
1229,6410-1900-1903,40.0,22,F,1,0,1,1
1230,6410-1900-1903,40.0,44,F,1,0,1,1
1231,6410-1900-1903,35.0,65,F,1,0,1,1
1232,6410-1900-1903,40.0,110,F,1,0,1,1
1233,6410-1900-1903,40.0,153,F,1,0,1,1
1234,6410-1900-1903,40.0,196,F,1,0,1,1
1267,6602-0800-0005,5120.0,44,F,1,0,1,1
1268,6602-0800-0005,5120.0,65,F,1,0,1,1
1269,6602-0800-0005,5120.0,87,F,1,0,1,1
1270,6602-0800-0005,5120.0,110,F,1,0,1,1
1271,6602-0800-0005,5120.0,131,F,1,0,1,1
1272,6602-1200-0303,5400.0,22,F,1,0,1,1
1273,6602-1200-0303,5400.0,44,F,1,0,1,1
1274,6602-1200-2702,100.0,65,F,1,0,1,1
1275,6602-1300-1003,2880.0,44,F,1,0,1,1
1276,6602-1300-1003,2880.0,65,F,1,0,1,1
1277,6602-1300-1003,2880.0,87,F,1,0,1,1
1278,6602-1300-1003,2880.0,110,F,1,0,1,1
1279,6602-1300-1003,2880.0,131,F,1,0,1,1
1280,6602-1300-1003,5760.0,153,F,1,0,1,1
1281,6602-1300-1003,2880.0,175,F,1,0,1,1
1282,6602-1300-1003,2880.0,196,F,1,0,1,1
1283,6602-1300-1003,2880.0,219,F,1,0,1,1
1284,6602-1400-0000,100.0,65,F,1,0,1,1
1285,6602-1700-8001,5440.0,22,F,1,0,1,1
1286,6602-1700-8001,5440.0,44,F,1,0,1,1
1287,6649-1000-0109,800.0,44,F,1,0,1,1
1288,6649-1000-0109,800.0,65,F,1,0,1,1
1289,6649-1000-0109,800.0,87,F,1,0,1,1
1290,6649-1000-0109,800.0,110,F,1,0,1,1
1291,6649-1000-0109,800.0,131,F,1,0,1,1
1292,6649-1000-0109,800.0,153,F,1,0,1,1
1293,6649-1000-0109,800.0,175,F,1,0,1,1
1294,6649-1000-0109,8000.0,196,F,1,0,1,1
1295,6649-1000-0213,3900.0,22,F,1,0,1,1
1296,6649-1000-0213,2400.0,44,F,1,0,1,1
1297,6649-1000-0213,2400.0,65,F,1,0,1,1
1298,6649-1000-0213,2400.0,87,F,1,0,1,1
1299,6649-1000-0213,2400.0,110,F,1,0,1,1
1300,6649-1000-0213,2400.0,131,F,1,0,1,1
1301,6649-1000-0213,2400.0,153,F,1,0,1,1
1302,6649-1000-0213,2400.0,175,F,1,0,1,1
1303,6649-1000-0213,2400.0,196,F,1,0,1,1
1304,6649-1200-5207,15.0,22,F,1,0,1,1
1305,6649-1200-5207,15.0,110,F,1,0,1,1
1306,6649-1200-5207,15.0,175,F,1,0,1,1
1307,6649-1200-5306,5.0,22,F,1,0,1,1
1308,6649-1200-5306,4.0,44,F,1,0,1,1
1309,6649-1300-2410,5.0,22,F,1,0,1,1
1310,6649-1300-2410,15.0,44,F,1,0,1,1
1311,6649-1300-2410,5.0,65,F,1,0,1,1
1312,6649-1300-2410,5.0,87,F,1,0,1,1
1313,6649-1300-2410,15.0,110,F,1,0,1,1
1314,6649-1300-2410,15.0,153,F,1,0,1,1
1315,6649-1400-0509,280.0,22,F,1,0,1,1
1316,6649-1400-0509,280.0,44,F,1,0,1,1
1317,6649-1400-0509,140.0,65,F,1,0,1,1
1318,6649-1400-0509,140.0,87,F,1,0,1,1
1319,6649-1400-0509,140.0,110,F,1,0,1,1
1320,6649-1400-0509,140.0,131,F,1,0,1,1
1321,6649-1400-0509,140.0,153,F,1,0,1,1
1322,6649-1400-0509,140.0,175,F,1,0,1,1
1323,6649-1400-0509,140.0,196,F,1,0,1,1
1324,6649-1705-5802,50.0,22,F,1,0,1,1
1325,6649-1705-5802,50.0,44,F,1,0,1,1
1326,6649-1705-5802,50.0,65,F,1,0,1,1
1327,6649-1705-5802,50.0,87,F,1,0,1,1
1328,6649-1705-5802,50.0,110,F,1,0,1,1
1329,6649-1705-5802,50.0,131,F,1,0,1,1
1330,6649-1705-5802,50.0,153,F,1,0,1,1
1331,6649-1705-5802,50.0,175,F,1,0,1,1
1332,6649-1705-5802,50.0,196,F,1,0,1,1
1333,6649-1800-3401,110.0,44,F,1,0,1,1
1334,6649-1800-3401,110.0,65,F,1,0,1,1
1335,6649-1800-3401,110.0,87,F,1,0,1,1
1336,6649-1800-3401,110.0,110,F,1,0,1,1
1337,6649-1800-3401,110.0,131,F,1,0,1,1
1338,6649-1800-3401,110.0,153,F,1,0,1,1
1339,6649-1800-3401,110.0,175,F,1,0,1,1
1340,6649-1800-3401,110.0,196,F,1,0,1,1
1341,6649-1800-3502,100.0,22,F,1,0,1,1
1342,6649-1800-3502,50.0,44,F,1,0,1,1
1343,6649-1800-3502,50.0,65,F,1,0,1,1
1344,6649-1800-3502,50.0,87,F,1,0,1,1
1345,6649-1800-3502,50.0,110,F,1,0,1,1
1346,6649-1800-3502,50.0,131,F,1,0,1,1
1347,6649-1800-3502,50.0,153,F,1,0,1,1
1348,6649-1800-3502,50.0,175,F,1,0,1,1
1349,6649-1800-3502,50.0,196,F,1,0,1,1
1350,6649-1800-3601,50.0,87,F,1,0,1,1
1351,6649-1800-3701,110.0,44,F,1,0,1,1
1352,6649-1800-3701,110.0,65,F,1,0,1,1
1353,6649-1800-3701,110.0,87,F,1,0,1,1
1354,6649-1800-3701,110.0,110,F,1,0,1,1
1355,6649-1800-3701,110.0,131,F,1,0,1,1
1356,6649-1800-3701,110.0,153,F,1,0,1,1
1357,6649-1800-3701,110.0,175,F,1,0,1,1
1358,6649-1800-3701,110.0,196,F,1,0,1,1
1359,6649-1800-3801,100.0,22,F,1,0,1,1
1360,6649-1800-3801,100.0,44,F,1,0,1,1
1361,6649-1800-3801,100.0,65,F,1,0,1,1
1362,6649-1800-3801,100.0,87,F,1,0,1,1
1363,6649-1800-3801,100.0,110,F,1,0,1,1
1364,6649-1800-3801,100.0,131,F,1,0,1,1
1365,6649-1800-3801,100.0,153,F,1,0,1,1
1366,6649-1800-3801,100.0,175,F,1,0,1,1
1367,6649-1800-3801,100.0,196,F,1,0,1,1
1368,6649-1800-4503,340.0,65,F,1,0,1,1
1369,6649-1800-4503,340.0,87,F,1,0,1,1
1370,6649-1800-4503,340.0,110,F,1,0,1,1
1371,6649-1800-4503,340.0,131,F,1,0,1,1
1372,6649-1800-4503,340.0,153,F,1,0,1,1
1373,6649-1800-4503,340.0,175,F,1,0,1,1
1374,6649-1800-4503,340.0,196,F,1,0,1,1
1375,6649-1800-4603,340.0,65,F,1,0,1,1
1376,6649-1800-4603,340.0,87,F,1,0,1,1
1377,6649-1800-4603,340.0,110,F,1,0,1,1
1378,6649-1800-4603,340.0,131,F,1,0,1,1
1379,6649-1800-4603,340.0,153,F,1,0,1,1
1380,6649-1800-4603,340.0,175,F,1,0,1,1
1381,6649-1800-4603,340.0,196,F,1,0,1,1
1382,6649-1801-5604,100.0,65,F,1,0,1,1
1383,6649-1801-5604,100.0,87,F,1,0,1,1
1384,6649-1801-5604,100.0,110,F,1,0,1,1
1385,6649-1801-5604,100.0,131,F,1,0,1,1
1386,6649-1801-5604,100.0,153,F,1,0,1,1
1387,6649-2000-2404,200.0,44,F,1,0,1,1
1388,6649-2000-2404,200.0,65,F,1,0,1,1
1389,6649-2000-2404,200.0,87,F,1,0,1,1
1390,6649-2000-2404,200.0,110,F,1,0,1,1
1391,6649-2000-2404,200.0,131,F,1,0,1,1
1392,6661-1100-2509,660.0,22,F,1,0,1,1
1393,6661-1100-2509,660.0,44,F,1,0,1,1
1394,6661-1100-2509,690.0,65,F,1,0,1,1
1395,6661-1100-2509,660.0,87,F,1,0,1,1
1396,6661-1100-2509,660.0,110,F,1,0,1,1
1397,6661-1100-2509,660.0,131,F,1,0,1,1
1398,6661-1100-2509,630.0,153,F,1,0,1,1
1399,6661-1100-2509,690.0,175,F,1,0,1,1
1400,6661-1100-2509,600.0,196,F,1,0,1,1
1401,6661-1100-2509,690.0,219,F,1,0,1,1
1402,6661-1100-2804,1200.0,65,F,1,0,1,1
1403,6661-1100-2804,432.0,87,F,1,0,1,1
1404,6661-1100-2804,432.0,110,F,1,0,1,1
1405,6661-1100-2804,432.0,131,F,1,0,1,1
1406,6661-1100-2804,432.0,153,F,1,0,1,1
1407,6661-1100-2804,432.0,175,F,1,0,1,1
1408,6661-1100-2804,405.0,196,F,1,0,1,1
1409,6661-1100-2804,432.0,219,F,1,0,1,1
1410,6661-1101-0401,1236.0,22,F,1,0,1,1
1411,6661-1101-0401,1968.0,44,F,1,0,1,1
1412,6661-1101-0401,1236.0,65,F,1,0,1,1
1413,6661-1101-0401,1968.0,87,F,1,0,1,1
1414,6661-1101-0401,1236.0,110,F,1,0,1,1
1415,6661-1101-0401,1068.0,131,F,1,0,1,1
1416,6661-1101-0401,2136.0,153,F,1,0,1,1
1417,6661-1101-0401,1068.0,175,F,1,0,1,1
1418,6661-1101-0401,2136.0,196,F,1,0,1,1
1419,6661-1101-0401,1068.0,219,F,1,0,1,1
1420,6661-1101-2203,1848.0,44,F,1,0,1,1
1421,6661-1101-2203,1872.0,65,F,1,0,1,1
1422,6661-1101-2203,1896.0,87,F,1,0,1,1
1423,6661-1101-2203,1752.0,110,F,1,0,1,1
1424,6661-1101-2203,1776.0,131,F,1,0,1,1
1425,6661-1101-2203,1848.0,153,F,1,0,1,1
1426,6661-1101-2203,1752.0,175,F,1,0,1,1
1427,6661-1101-2203,1680.0,196,F,1,0,1,1
1428,6661-1101-2203,2040.0,219,F,1,0,1,1
1429,6661-1200-0004,120.0,22,F,1,0,1,1
1430,6661-1200-0004,120.0,44,F,1,0,1,1
1431,6661-1200-0004,150.0,65,F,1,0,1,1
1432,6661-1200-0004,120.0,87,F,1,0,1,1
1433,6661-1200-0004,120.0,110,F,1,0,1,1
1434,6661-1200-0004,120.0,131,F,1,0,1,1
1435,6661-1200-0004,120.0,153,F,1,0,1,1
1436,6661-1200-0004,120.0,175,F,1,0,1,1
1437,6661-1200-0004,120.0,196,F,1,0,1,1
1438,6661-1200-0004,150.0,219,F,1,0,1,1
1439,6736-1400-1814,1400.0,22,F,1,0,1,1
1440,6736-1400-1814,1600.0,44,F,1,0,1,1
1441,6736-1400-1814,1600.0,65,F,1,0,1,1
1442,6736-1400-1814,2000.0,87,F,1,0,1,1
1443,6736-1400-1814,1600.0,110,F,1,0,1,1
1444,6736-1400-1814,1600.0,131,F,1,0,1,1
1445,6736-1400-1814,1800.0,153,F,1,0,1,1
1446,6736-1400-1814,2000.0,175,F,1,0,1,1
1447,6736-1400-1814,1400.0,196,F,1,0,1,1
1448,6736-1400-1907,80.0,22,F,1,0,1,1
1449,6736-1400-1907,80.0,44,F,1,0,1,1
1450,6736-1400-1907,40.0,65,F,1,0,1,1
1451,6736-1400-1907,80.0,87,F,1,0,1,1
1452,6736-1400-1907,80.0,110,F,1,0,1,1
1453,6736-1400-1907,80.0,131,F,1,0,1,1
1454,6736-1400-1907,80.0,153,F,1,0,1,1
1455,6736-1400-1907,80.0,175,F,1,0,1,1
1456,6736-1400-1907,80.0,196,F,1,0,1,1
1457,6736-1503-9317,120.0,22,F,1,0,1,1
1458,6736-1503-9317,120.0,44,F,1,0,1,1
1459,6736-1503-9317,120.0,65,F,1,0,1,1
1460,6736-1503-9317,120.0,87,F,1,0,1,1
1461,6736-1503-9317,60.0,110,F,1,0,1,1
1462,6736-1503-9317,120.0,131,F,1,0,1,1
1463,6736-1503-9317,120.0,153,F,1,0,1,1
1464,6736-1503-9317,120.0,175,F,1,0,1,1
1465,6736-1503-9317,60.0,196,F,1,0,1,1
1466,6736-1506-8708,1440.0,22,F,1,0,1,1
1467,6736-1506-8708,1680.0,44,F,1,0,1,1
1468,6736-1506-8708,1440.0,65,F,1,0,1,1
1469,6736-1506-8708,1920.0,87,F,1,0,1,1
1470,6736-1506-8708,1440.0,110,F,1,0,1,1
1471,6736-1506-8708,1680.0,131,F,1,0,1,1
1472,6736-1506-8708,1920.0,153,F,1,0,1,1
1473,6736-1506-8708,1920.0,175,F,1,0,1,1
1474,6736-1506-8708,1440.0,196,F,1,0,1,1
1475,6736-1601-6909,1440.0,22,F,1,0,1,1
1476,6736-1601-6909,1824.0,44,F,1,0,1,1
1477,6736-1601-6909,1440.0,65,F,1,0,1,1
1478,6736-1601-6909,1824.0,87,F,1,0,1,1
1479,6736-1601-6909,1440.0,110,F,1,0,1,1
1480,6736-1601-6909,1728.0,131,F,1,0,1,1
1481,6736-1601-6909,1536.0,153,F,1,0,1,1
1482,6736-1601-6909,1536.0,175,F,1,0,1,1
1483,6736-1601-6909,1248.0,196,F,1,0,1,1
1484,6736-1900-0304,384.0,22,F,1,0,1,1
1485,6736-1900-0304,480.0,44,F,1,0,1,1
1486,6736-1900-0304,384.0,65,F,1,0,1,1
1487,6736-1900-0304,480.0,87,F,1,0,1,1
1488,6736-1900-0304,480.0,110,F,1,0,1,1
1489,6736-1900-0304,576.0,131,F,1,0,1,1
1490,6736-1900-0304,576.0,153,F,1,0,1,1
1491,6736-1900-0304,576.0,175,F,1,0,1,1
1492,6736-1900-0304,480.0,196,F,1,0,1,1
1493,6736-1902-0601,120.0,22,F,1,0,1,1
1494,6736-1902-0601,60.0,44,F,1,0,1,1
1495,6736-1902-0601,60.0,65,F,1,0,1,1
1496,6736-1902-0601,120.0,87,F,1,0,1,1
1497,6736-1902-0601,120.0,110,F,1,0,1,1
1498,6736-1902-0601,60.0,131,F,1,0,1,1
1499,6736-1902-0601,60.0,153,F,1,0,1,1
1500,6736-1902-0601,120.0,175,F,1,0,1,1
1501,6736-1902-0601,120.0,196,F,1,0,1,1
1502,6744-1300-1408,500.0,110,F,1,0,1,1
1503,6744-1400-3406,500.0,110,F,1,0,1,1
1504,6744-1500-5404,500.0,65,F,1,0,1,1
1505,6744-1500-5404,500.0,153,F,1,0,1,1
1506,6745-1700-2300,10.0,65,F,1,0,1,1
1507,6745-1700-2400,8.0,65,F,1,0,1,1
1508,6745-1700-2500,1.0,65,F,1,0,1,1
1509,6745-1700-2600,1.0,65,F,1,0,1,1
1510,6761-1901-2801,9800.0,65,F,1,0,1,1
1511,6761-1903-0402,200.0,22,F,1,0,1,1
1512,6761-1903-0402,9800.0,65,F,1,0,1,1
1513,6761-1903-0602,100.0,22,F,1,0,1,1
1514,6761-1903-0702,200.0,22,F,1,0,1,1
1518,6774-1200-0006,100.0,65,F,1,0,1,1
1519,6774-1200-0006,200.0,87,F,1,0,1,1
1520,6774-1200-0006,100.0,110,F,1,0,1,1
1521,6774-1200-0006,100.0,131,F,1,0,1,1
1522,6774-1200-0006,100.0,153,F,1,0,1,1
1523,6774-1200-5105,50.0,65,F,1,0,1,1
1524,6774-1200-5105,50.0,87,F,1,0,1,1
1525,6774-1200-5105,50.0,110,F,1,0,1,1
1526,6774-1200-5707,50.0,87,F,1,0,1,1
1527,6774-1200-5707,37.0,110,F,1,0,1,1
1528,6774-1200-6301,30.0,110,F,1,0,1,1
1529,6774-1200-6301,30.0,131,F,1,0,1,1
1530,6774-1200-6301,30.0,153,F,1,0,1,1
1531,6774-1300-0301,100.0,87,F,1,0,1,1
1532,6774-1300-8704,200.0,65,F,1,0,1,1
1533,6774-1300-8704,50.0,87,F,1,0,1,1
1534,6774-1300-8704,50.0,110,F,1,0,1,1
1535,6774-1300-8704,100.0,131,F,1,0,1,1
1536,6774-1300-8704,100.0,153,F,1,0,1,1
1537,6774-1300-8704,100.0,175,F,1,0,1,1
1538,6774-1300-8704,150.0,196,F,1,0,1,1
1539,6774-1301-7900,30.0,65,F,1,0,1,1
1540,6774-1301-7900,30.0,87,F,1,0,1,1
1541,6774-1301-7900,30.0,110,F,1,0,1,1
1542,6774-1400-0701,200.0,87,F,1,0,1,1
1543,6774-1400-0701,100.0,110,F,1,0,1,1
1544,6774-1500-0800,50.0,110,F,1,0,1,1
1545,6774-1800-1800,25.0,44,F,1,0,1,1
1546,6774-1800-1800,25.0,65,F,1,0,1,1
1547,6774-1800-1800,25.0,87,F,1,0,1,1
1548,6782-1401-0002,10214.0,87,F,1,0,1,1
1549,6782-1401-0002,8813.0,110,F,1,0,1,1
1550,6782-1401-0002,8380.0,131,F,1,0,1,1
1551,6782-1401-0002,6880.0,153,F,1,0,1,1
1552,6782-1401-0002,7080.0,175,F,1,0,1,1
1553,6782-1401-0002,6880.0,196,F,1,0,1,1
1554,6782-1401-0002,6080.0,219,F,1,0,1,1
1555,6782-1401-0002,6080.0,240,F,1,0,1,1
1556,6782-1401-0002,6080.0,260,F,1,0,1,1
1557,6782-1401-0103,10214.0,87,F,1,0,1,1
1558,6782-1401-0103,8813.0,110,F,1,0,1,1
1559,6782-1401-0103,8380.0,131,F,1,0,1,1
1560,6782-1401-0103,6880.0,153,F,1,0,1,1
1561,6782-1401-0103,7080.0,175,F,1,0,1,1
1562,6782-1401-0103,6880.0,196,F,1,0,1,1
1563,6782-1401-0103,6080.0,219,F,1,0,1,1
1564,6782-1401-0103,6080.0,240,F,1,0,1,1
1565,6782-1401-0103,6080.0,260,F,1,0,1,1
1624,6799-1300-0025,720.0,65,F,1,0,1,1
1625,6799-1300-0025,720.0,87,F,1,0,1,1
1626,6799-1300-0025,384.0,110,F,1,0,1,1
1627,6799-1300-0025,720.0,131,F,1,0,1,1
1628,6799-1300-0025,912.0,153,F,1,0,1,1
1629,6799-1300-0025,720.0,175,F,1,0,1,1
1630,6799-1300-0025,912.0,196,F,1,0,1,1
1631,6799-1300-0025,720.0,219,F,1,0,1,1
1632,6799-1600-2109,100.0,44,F,1,0,1,1
1633,6799-1600-2109,100.0,153,F,1,0,1,1
1634,6799-1600-7503,30.0,65,F,1,0,1,1
1635,6799-1600-7503,30.0,131,F,1,0,1,1
1636,6799-1600-7503,30.0,175,F,1,0,1,1
1637,6799-1600-7503,30.0,219,F,1,0,1,1
1638,6799-1601-2805,100.0,44,F,1,0,1,1
1639,6799-1601-2805,100.0,153,F,1,0,1,1
1640,6799-1900-3302,30.0,110,F,1,0,1,1
1641,6799-1900-3302,30.0,153,F,1,0,1,1
1642,6799-1900-3302,30.0,196,F,1,0,1,1
1644,6808-1501-0104,200.0,22,F,1,0,1,1
1645,6808-1501-0104,200.0,44,F,1,0,1,1
1646,6808-1600-2511,256.0,44,F,1,0,1,1
1647,6808-1602-6004,45.0,22,F,1,0,1,1
1648,6808-1602-6004,16.0,44,F,1,0,1,1
1649,6808-1700-2304,256.0,44,F,1,0,1,1
1650,6808-1700-2304,256.0,87,F,1,0,1,1
1651,6808-1800-3102,400.0,44,F,1,0,1,1
1652,6808-1800-3102,400.0,65,F,1,0,1,1
1653,6808-1800-3102,200.0,87,F,1,0,1,1
1654,6808-1800-3102,400.0,110,F,1,0,1,1
1655,6808-1800-3102,1000.0,131,F,1,0,1,1
1656,6808-1800-3102,1000.0,153,F,1,0,1,1
1657,6808-1800-3102,1000.0,175,F,1,0,1,1
1658,6808-1800-3102,1000.0,196,F,1,0,1,1
1659,6808-1800-4902,400.0,65,F,1,0,1,1
1660,6808-1800-4902,400.0,110,F,1,0,1,1
1661,6808-1800-4902,1000.0,131,F,1,0,1,1
1662,6808-1800-4902,1000.0,153,F,1,0,1,1
1663,6808-1800-4902,1000.0,175,F,1,0,1,1
1664,6808-1800-4902,1000.0,196,F,1,0,1,1
1665,6814-1900-5102,250.0,22,F,1,0,1,1
1666,6814-1900-5102,250.0,65,F,1,0,1,1
1667,6880-1903-5503,19.0,44,F,1,0,1,1
1668,6880-1903-8102,30.0,44,F,1,0,1,1
1669,6880-1903-8102,30.0,87,F,1,0,1,1
1670,6880-1903-8102,30.0,131,F,1,0,1,1
1671,6880-1903-8102,30.0,175,F,1,0,1,1
1672,6932-1600-3804,680.0,87,F,1,0,1,1
1673,6932-1701-7300,500.0,22,F,1,0,1,1
1674,6932-1902-7102,152.0,110,F,1,0,1,1
1675,6932-1902-7501,700.0,44,F,1,0,1,1
1676,6932-1902-7501,700.0,87,F,1,0,1,1
1677,6932-1902-8202,100.0,65,F,1,0,1,1
1678,6932-1902-8202,100.0,87,F,1,0,1,1
1679,6932-1902-8202,100.0,110,F,1,0,1,1
1680,6932-1902-8202,100.0,131,F,1,0,1,1
1681,6932-1902-8202,100.0,153,F,1,0,1,1
1682,6932-1902-8802,500.0,65,F,1,0,1,1
1683,6932-1902-8802,200.0,87,F,1,0,1,1
1684,6932-1902-8802,500.0,110,F,1,0,1,1
1685,6932-1902-8802,200.0,131,F,1,0,1,1
1686,6932-1904-4900,200.0,22,F,1,0,1,1
1687,6932-1904-4900,300.0,44,F,1,0,1,1
1688,6934-1802-8104,120.0,175,F,1,0,1,1
1689,6934-1802-8104,70.0,196,F,1,0,1,1
1690,6934-1900-0800,2.0,65,F,1,0,1,1
1691,6934-1900-1003,2.0,65,F,1,0,1,1
1692,6934-1900-1103,250.0,22,F,1,0,1,1
1693,6934-1900-1103,250.0,44,F,1,0,1,1
1694,6934-1901-8801,10.0,65,F,1,0,1,1
1695,6966-1700-0006,732.0,22,F,1,0,1,1
1696,6966-1700-0006,488.0,44,F,1,0,1,1
1697,6966-1700-0006,732.0,65,F,1,0,1,1
1698,6966-1700-0006,760.0,87,F,1,0,1,1
1699,6966-1700-0006,760.0,110,F,1,0,1,1
1700,6966-1700-0006,760.0,131,F,1,0,1,1
1701,6966-1700-0006,760.0,153,F,1,0,1,1
1702,6966-1700-0006,760.0,175,F,1,0,1,1
1703,6966-1700-0006,760.0,196,F,1,0,1,1
